,name,feature,conv_layer,accuracy,recall,precision,f1,roc_auc,train_mean,train_std,val_mean,val_std
0,politifact,all,gcn,0.6968325791855203,0.46017699115044247,0.896551724137931,0.6081871345029239,0.7023107177974435,0.48886874456490786,0.21921503384960464,0.7297115640980857,0.2370928726008481
1,politifact,all,sage,0.48868778280542985,0.0,0.0,0.0,0.5,0.6919444935662405,0.07114818789875633,0.753298282623291,0.16165079086531992
2,politifact,all,gat,0.751131221719457,0.5752212389380531,0.9027777777777778,0.7027027027027027,0.7552032120616192,0.744496431521007,0.619081361922645,0.8402942367962428,0.7915601213116749
3,politifact,all,parma,0.48868778280542985,0.0,0.0,0.0,0.5,0.6809854848044259,0.0021487445756775986,0.7309687205723354,0.006259629042847817
4,gossipcop,all,gcn,0.4992158912702561,0.0,0.0,0.0,0.5,0.6932199184856717,0.00048278146741436155,0.6930448218754359,0.00020633347848979746
5,gossipcop,all,sage,0.7592786199686357,0.8053235908141962,0.7379244380679101,0.7701522335912153,0.759206298024899,0.5407183195863451,0.0507460823652482,0.5011371844155448,0.06316851060115006
6,gossipcop,all,gat,0.4992158912702561,0.0,0.0,0.0,0.5,0.6935110309767344,0.002222075205427002,0.6930378529003688,0.00021209133949560627
7,gossipcop,all,parma,0.4992158912702561,0.0,0.0,0.0,0.5,0.6931484521381439,0.00047091202795310227,0.6930373900277275,9.874558860038724e-05
