,name,feature,conv_layer,accuracy,recall,precision,f1,roc_auc,train_mean,train_std,val_mean,val_std
0,politifact,all,gcn,0.6018099547511312,0.8938053097345132,0.5706214689265536,0.696551724137931,0.5950508030154047,0.881209545476096,0.6335430839043686,0.9622385025024414,0.8380628585800765
1,politifact,all,sage,0.7692307692307693,0.6371681415929203,0.8780487804878049,0.7384615384615385,0.772287774500164,1.2000688893454416,1.4903521870241543,1.3379046729632786,1.7984277389018914
2,politifact,all,gat,0.48868778280542985,0.0,0.0,0.0,0.5,0.837857905455998,0.45793652878585656,0.9040264129638672,0.6831828895500238
3,politifact,all,parma,0.5113122171945701,1.0,0.5113122171945701,0.6766467065868264,0.5,125.87504826273236,480.867658269054,105.87432394538607,348.42740852896355
4,gossipcop,all,gcn,0.5007841087297439,1.0,0.5007841087297439,0.6673632880529432,0.5,0.7175736381894067,0.3358143290373117,0.6562404724529811,0.07745957034394273
5,gossipcop,all,sage,0.4992158912702561,0.0,0.0,0.0,0.5,0.7536245843720815,0.29737879833236347,0.6936757227352687,0.015924135059625796
6,gossipcop,all,gat,0.4992158912702561,0.0,0.0,0.0,0.5,0.7136258185855926,0.11772156278507365,0.694307257788522,0.007238847269567187
7,gossipcop,all,parma,0.4992158912702561,0.0,0.0,0.0,0.5,8.493281305971598,40.79108028617605,1.176299467086792,2.2389397628323393
